trade_date,open,high,low,close,pct_chg,rsi_14,macd_dif,macd_dea,macd_hist,bb_mid,bb_upper,bb_lower,bb_width,bb_pct_b,tr,atr_14
20250718,44.66,45.0,44.17,44.58,-0.4689,,0.0,0.0,0.0,,,,,,0.8299999999999983,0.8299999999999983
20250721,44.59,44.65,44.2,44.38,-0.4486,0.0,-0.015954415954418266,-0.0031908831908836533,-0.012763532763534613,,,,,,0.44999999999999574,0.8028571428571409
20250722,43.83,44.36,42.71,43.92,-1.0365,0.0,-0.06496765448332553,-0.015546237449372028,-0.0494214170339535,,,,,,1.6700000000000017,0.8647959183673453
20250723,43.96,45.3,43.94,45.02,2.5046,27.90866255889854,-0.014878680060299132,-0.01541272597155745,0.0005340459112583174,,,,,,1.3799999999999955,0.9015962099125345
20250724,45.16,45.68,44.75,45.13,0.2443,30.012180267966286,0.033309304801740325,-0.005668319816897895,0.03897762461863822,,,,,,0.9299999999999997,0.9036250520616392
20250725,45.13,45.4,44.61,45.31,0.3988,33.43492131387161,0.08504280513750473,0.012473905173982633,0.0725688999635221,,,,,,0.7899999999999991,0.8955089769143793
20250728,45.58,45.69,44.89,45.09,-0.4855,31.41286176735096,0.10705574351865721,0.03139027284291755,0.07566547067573966,,,,,,0.7999999999999972,0.8886869071347806
20250729,44.83,45.23,44.69,45.05,-0.0887,31.045232109240857,0.11989145599940798,0.049090509474215636,0.07080094652519234,,,,,,0.5399999999999991,0.8637806994822962
20250730,44.9,45.15,44.03,44.34,-1.576,25.369755270032755,0.07194346485470504,0.05366110055031352,0.01828236430439152,,,,,,1.1199999999999974,0.8820820780907035
20250731,44.26,44.76,43.25,43.44,-2.0298,20.302938608117287,-0.03823736541371403,0.03528140735750801,-0.07351877277122204,,,,,,1.509999999999998,0.9269333582270817
20250801,43.5,44.28,43.12,43.68,0.5525,24.6260234245144,-0.10498032513496725,0.0072290608590129595,-0.1122093859939802,,,,,,1.1600000000000037,0.9435809754965762
20250804,43.55,44.44,43.35,44.12,1.0073,31.917463238180844,-0.12097574571275516,-0.018411900455340666,-0.1025638452574145,,,,,,1.0899999999999963,0.9540394772468205
20250805,44.05,44.15,43.85,44.04,-0.1813,31.32413777583143,-0.13851089578694342,-0.04243169952166122,-0.0960791962652822,,,,,,0.29999999999999716,0.9073223717291903
20250806,44.0,44.65,43.72,44.46,0.9537,37.85560253366842,-0.11716651597855332,-0.05737866281303964,-0.05978785316551368,,,,,,0.9299999999999997,0.9089422023199624
20250807,44.55,45.21,44.26,44.68,0.4948,41.01984981092298,-0.08155862278419335,-0.062214654807270384,-0.019343967976922963,,,,,,0.9500000000000028,0.911874902154251
20250808,44.66,44.67,43.76,43.81,-1.9472,33.7100001770625,-0.12213296717283129,-0.07419831728038256,-0.04793464989244872,,,,,,0.9200000000000017,0.9124552662860904
20250811,43.8,44.38,43.7,44.04,0.525,36.91082911173815,-0.13418257639843034,-0.08619516910399212,-0.04798740729443822,,,,,,0.6799999999999997,0.8958513186942269
20250812,44.05,44.8,43.66,44.7,1.4986,45.102422878000446,-0.08944443460767815,-0.08684502220472932,-0.0025994124029488225,,,,,,1.1400000000000006,0.9132905102160679
20250813,44.67,45.46,44.48,45.33,1.4094,51.566949227962816,-0.003117463864413139,-0.07009951053666609,0.06698204667225295,,,,,,0.980000000000004,0.9180554737720633
20250814,45.51,46.18,44.65,44.84,-1.081,46.937360518163956,0.02546483473916794,-0.050986641481499284,0.07645147622066722,44.498000000000005,45.60026312648116,43.39573687351885,0.04954214241004787,0.6551353718470985,1.5300000000000011,0.9617657970740588
20250815,44.64,45.82,44.62,45.64,1.7841,54.17147592330431,0.11138583980192607,-0.018512145224814213,0.12989798502674027,44.551,45.760642922518876,43.34135707748113,0.05430373830077324,0.9501328366111309,1.2000000000000028,0.9787825258544834
20250818,45.98,51.9,45.64,49.55,8.567,73.31790952002156,0.489342344169593,0.08305875265406723,0.40628359151552573,44.8095,47.29708899338296,42.32191100661704,0.11102953585212764,1.4528302329303262,6.259999999999998,1.356012345436306
20250819,49.6,49.64,48.24,48.42,-2.2805,64.88147220022697,0.6897431114756643,0.20439562441838666,0.4853474870572776,45.0345,47.93872089380268,42.13027910619732,0.128977601341313,1.0828585572165537,1.3999999999999986,1.359154320762284
20250820,48.18,49.49,47.33,49.45,2.1272,68.44559361044976,0.9210571814564759,0.34772793582600453,0.5733292456304713,45.256,48.73989666896136,41.77210333103864,0.15396396804672782,1.1019122262386654,2.1600000000000037,1.4163575835649784
20250821,49.5,49.89,48.51,48.76,-1.3953,63.77609088335307,1.036747040484677,0.4855317567577391,0.551215283726938,45.4375,49.2398933252624,41.6351066747376,0.1673680693375472,0.9368958857998619,1.3800000000000026,1.4137606133103373
20250822,48.76,51.88,48.68,51.15,4.9016,71.12443011130041,1.3062277329941239,0.649670952005016,0.6565567809891079,45.7295,50.27267279002242,41.186327209977584,0.19869768049169212,1.0965544621045824,3.200000000000003,1.5413491409310278
20250825,52.0,54.39,50.63,51.31,0.3128,71.54065263945469,1.5152370763221086,0.8227841768684346,0.6924528994536739,46.040499999999994,51.17860655786741,40.90239344213258,0.22319942476156504,1.0127861733357206,3.759999999999998,1.6998242022930972
20250826,50.74,52.01,50.21,50.94,-0.7211,69.06153205240362,1.6322075068346678,0.9846688428616813,0.6475386639729864,46.335,51.87196848464935,40.79803151535065,0.23899723684684795,0.9158412688068267,1.7999999999999972,1.7069796164150186
20250827,51.13,61.13,50.73,59.59,16.9808,83.4770705340994,2.3952788412039396,1.266790842530133,1.1284879986738066,47.0975,55.01427933253164,39.18072066746835,0.3361868180914761,1.2889887715239075,10.400000000000006,2.327909643813946
20250828,60.01,62.5,58.43,61.32,2.9032,84.98402547795327,3.1038358257815304,1.6341998391804127,1.4696359866011177,47.9915,57.85349224294972,38.129507757050284,0.4109891227800639,1.1757508864158996,4.07,2.4523446692558073
20250829,60.8,61.55,58.17,59.75,-2.5603,78.02887108611519,3.498359550726576,2.0070317814896455,1.4913277692369307,48.795,59.68587232502523,37.904127674974774,0.44639296341941703,1.0029441018616763,3.3799999999999955,2.5186057643089637
20250901,60.54,64.55,57.84,62.5,4.6025,80.9671383223926,3.986965209293473,2.403018467050411,1.5839467422430618,49.714,61.89706759400113,37.53093240599887,0.490126225771458,1.0247446877129596,6.709999999999994,2.817991066858323
20250902,63.43,63.51,58.51,58.91,-5.744,68.15347365845535,4.037958643107494,2.730006502261828,1.307952140845666,50.457499999999996,62.97510340480559,37.939896595194405,0.4961642334561004,0.8376245326942947,5.0,2.973848847797014
20250903,59.48,61.43,58.55,59.36,0.7639,68.819588567718,4.067791576801021,2.9975635171696666,1.0702280596313543,51.2025,63.97462570404788,38.43037429595212,0.49888680060730944,0.8193477808245591,2.8800000000000026,2.9671453586686565
20250904,59.75,60.3,53.36,54.16,-8.7601,54.60602015988253,3.629993543919298,3.1240495225195932,0.5059440213997046,51.6765,64.14523092981,39.20776907019,0.48256870839975624,0.5995891247465488,6.939999999999998,3.250920690192324
20250905,54.71,57.4,53.95,57.06,5.3545,59.615422696530025,3.4769609706482143,3.1946318121453174,0.28232915850289686,52.339,64.46886710561995,40.209132894380055,0.46351161105943745,0.6946022969127457,3.4499999999999957,3.2651406408928723
20250908,57.86,58.86,56.6,58.5,2.5237,61.86578115929965,3.432311963434138,3.2421678424030818,0.19014412103105638,53.062,64.84587304751713,41.27812695248286,0.4441548772197481,0.7307390778087937,2.259999999999998,3.1933448808290956
20250909,58.18,58.2,55.2,55.71,-4.7692,55.42194726683164,3.135651778711612,3.220864629664788,-0.08521285095317621,53.6125,64.79575690485562,42.42924309514438,0.4171884133310561,0.5937785842641822,3.299999999999997,3.2009631036270174
20250910,55.91,57.48,55.6,56.45,1.3283,56.70988473517581,2.926523123687275,3.161996328469286,-0.23547320478201073,54.168499999999995,64.73822142490052,43.59877857509948,0.390253428649511,0.6079262124461089,1.8799999999999955,3.1066085962250876
20250911,56.03,59.85,55.61,59.1,4.6944,61.0498086636413,2.9407212073726257,3.1177413042499538,-0.17702009687732811,54.881499999999996,64.7377310748075,45.02526892519249,0.35918227726310337,0.7140016791399341,4.240000000000002,3.1875651250661527
20250912,60.81,62.76,59.55,61.19,3.5364,64.10612833188345,3.085056216443796,3.1112042866887224,-0.02614807024492638,55.659000000000006,64.91133138187351,46.4066686181265,0.33246488014062425,0.7988976384285115,3.6599999999999966,3.221310473275713
20250915,62.21,62.37,58.74,59.86,-2.1736,60.834748756680426,3.0568849988620244,3.100340429123383,-0.043455430261358785,56.1745,65.15271691651529,47.19628308348471,0.3196545377890427,0.7052467674968167,3.6299999999999955,3.2505025823274476
20250916,60.0,61.15,59.38,59.72,-0.2339,60.48485266264317,2.98880914464425,3.078034172227557,-0.08922502758330664,56.7395,65.09528476266601,48.38371523733399,0.29453149085437874,0.678349495867641,1.769999999999996,3.1447523978754868
20250917,60.01,65.1,59.8,64.75,8.4226,67.67788183982532,3.3026664196058917,3.122960621703224,0.17970579790266772,57.50450000000001,65.85222418087719,49.15677581912283,0.2903329019773123,0.933980558233935,5.3799999999999955,3.3044129408843803
20250918,66.75,68.88,63.66,64.89,0.2162,67.8532818414129,3.5220968610190795,3.202787869566395,0.3193089914526843,58.311,66.22924450241351,50.39275549758649,0.27158664754209355,0.915432991365365,5.219999999999999,3.4412405879640673
20250919,65.87,67.13,63.8,63.99,-1.387,65.39640813729332,3.5820825702628127,3.2786468097056787,0.30343576055713406,58.952999999999996,66.5189873116469,51.387012688353096,0.2566786189556732,0.8328712957426038,3.3299999999999983,3.4332948316809198
20250922,64.01,67.8,64.0,66.89,4.532,69.25893138450215,3.8195974983567638,3.3868369474358957,0.43276055092086807,59.732000000000006,67.19744734091682,52.26655265908319,0.2499647539314544,0.9794086457999805,3.809999999999995,3.460202343703711
20250923,80.27,80.27,77.88,80.27,20.003,80.22594628851755,5.029506943463346,3.7153709466413862,1.31413599682196,61.1985,71.9703360087778,50.4266639912222,0.35202941277246347,1.3852483450573756,13.379999999999995,4.1687593191534456
20250924,87.02,96.32,86.22,96.32,19.995,86.46414076059645,7.200467255800824,4.412390208473274,2.7880770473275502,63.035000000000004,81.70926089568212,44.36073910431789,0.5925045100557504,1.3911999298375495,16.049999999999997,5.017419367785342
20250925,97.73,99.5,92.4,94.59,-1.7961,83.40967420231138,8.681299782494847,5.266172123277588,3.4151276592172586,64.6985,87.85480477861272,41.542195221387274,0.7158219983032906,1.1454289724932267,7.099999999999994,5.166175127229246
20250926,94.13,96.66,90.11,95.6,1.0678,83.77014812681512,9.823133815859165,6.177564461793904,3.6455693540652616,66.49100000000001,93.12641319371642,39.85558680628361,0.8011734879522461,1.0464341737125205,6.549999999999997,5.265019760998586
20250929,95.0,106.99,94.55,104.12,8.9121,86.4456257199764,11.285446704496636,7.19914091033445,4.086305794162185,68.572,99.75093044990483,37.39306955009518,0.9093778933064465,1.0700644551793552,12.439999999999998,5.777518349498687
20250930,104.0,107.66,98.01,99.62,-4.3219,79.03486048643295,11.943550002380746,8.14802272874371,3.7955272736370365,70.6075,104.21817501553639,36.99682498446361,0.9520426304722979,0.9315965089452847,9.649999999999991,6.054124181677351
20251009,101.2,102.59,95.0,95.54,-4.0956,72.93022263405356,11.99757908189244,8.917933999373457,3.079645082518983,72.4165,107.28213079882539,37.5508692011746,0.9629195224520763,0.8316088002741518,7.590000000000003,6.163829597271826
20251010,94.51,98.76,93.51,94.75,-0.8269,71.77421349373346,11.840165066331608,9.502380212765088,2.3377848535665198,74.446,109.54918811732065,39.34281188267934,0.9430510199962565,0.7892045009151403,5.25,6.098556054609554
20251013,92.01,95.51,90.96,92.26,-2.628,68.10967349689855,11.383271862500948,9.87855854271226,1.5047133197886868,76.206,111.1753656791198,41.23663432088019,0.9177588557100439,0.7295437690707934,4.550000000000011,5.9879449078517295
20251014,93.5,93.96,83.6,83.93,-9.0288,57.52787074958766,10.231081781294591,9.949063190428728,0.28201859086586367,77.4775,111.61869557074712,43.33630442925289,0.8813189783033039,0.5944972765618178,10.36,6.300234557290891
20251015,84.03,85.37,83.12,84.78,1.0127,58.24082454582106,9.279581497941521,9.815166851931286,-0.5355853539897648,78.93100000000001,111.68876359887841,46.17323640112161,0.8300354385191723,0.5892765463421358,2.25,6.010932088912971
20251016,84.0,87.45,83.44,85.0,0.2595,58.435302516577515,8.445903709013137,9.541314223347657,-1.0954105143345192,80.3585,111.52270271722034,49.19429728277968,0.7756292792229902,0.5744684541125008,4.010000000000005,5.868008368276331
20251017,85.0,85.51,82.44,82.83,-2.5529,55.68078471712651,7.523382322143178,9.137727843106761,-1.6143455209635835,81.545,111.14927840701412,51.940721592985874,0.7260844541544944,0.5217029441206638,3.0700000000000074,5.668150627685165
20251020,84.6,85.01,81.5,82.05,-0.9417,54.68298798817998,6.652650382890158,8.64071235106344,-1.988061968173282,82.588,110.68155271232177,54.494447287678206,0.6803301378486412,0.4904248493327078,3.510000000000005,5.51399701142194
20251021,82.4,85.27,81.02,84.87,3.4369,57.63859236221262,6.119596579966668,8.136489196844087,-2.016892616877419,83.8385,109.92914604412859,57.747853955871406,0.6224025010974336,0.5197676208986043,4.25,5.423711510606087
20251022,83.4,87.27,82.51,85.3,0.5067,58.08747508399197,5.666524836024152,7.6424963246801,-1.975971488655948,85.1175,108.74513710149628,61.48986289850374,0.555176951895821,0.5038620027727705,4.759999999999991,5.376303545562795
20251023,83.73,84.25,81.52,83.43,-2.1923,55.34105013087919,5.0978045256871525,7.133557964881511,-2.035753439194359,86.0515,107.78576628621273,64.31723371378727,0.5051455532143595,0.4396920060360408,3.780000000000001,5.262281863736881
20251024,84.8,88.8,84.03,88.62,6.2208,60.870701308713315,5.008148390515004,6.70847605000821,-1.7003276594932064,87.238,106.69320043587327,67.78279956412673,0.44602582443140065,0.5355174958118588,5.36999999999999,5.269976016327103
20251027,90.48,92.89,89.11,90.81,2.4712,62.95509229643549,5.055532918337221,6.377887423674013,-1.3223545053367918,88.579,104.88144263906496,72.27655736093503,0.3680882068902328,0.5684253289336514,4.269999999999996,5.198549158018024
20251028,89.14,91.5,87.47,88.15,-2.9292,58.854213902382554,4.82285090545335,6.0668801200298805,-1.2440292145765302,89.642,102.57273949934819,76.7112605006518,0.28849734497999135,0.4423080172609154,4.030000000000001,5.115081361016737
20251029,86.85,92.52,86.85,92.52,4.9575,63.106130323729026,4.9341929078326245,5.84034267759043,-0.9061497697578051,90.2545,102.49349910123387,78.01550089876612,0.27121083383618266,0.5925525029155205,5.670000000000002,5.154718406658399
20251030,92.3,93.78,88.0,88.0,-4.8854,56.59200489804896,4.6046267512029,5.593199492312924,-0.9885727411100236,89.8385,101.78669530305741,77.89030469694258,0.26599276041023434,0.4230636948355898,5.780000000000001,5.199381377611371
20251031,89.76,89.78,83.32,83.6,-5.0,51.06595330606319,3.9429481185020876,5.263149217550757,-1.3202010990486697,89.28900000000002,101.32311799842446,77.25488200157557,0.2695543235656004,0.2636303715509169,6.460000000000008,5.289425564924845
20251103,82.65,83.5,78.88,82.42,-1.4115,49.665311662687074,3.285473997514245,4.867614173543455,-1.5821401760292098,88.63,100.65305119343685,76.60694880656314,0.2713088388454667,0.24174608840599843,4.719999999999999,5.248752310287356
20251104,82.0,83.0,80.6,81.31,-1.3468,48.32263375717871,2.6443706377942533,4.422965466393615,-1.7785948285993616,87.48949999999999,97.59292808159701,77.38607191840298,0.23096321459368307,0.19418795531114344,2.4000000000000057,5.045270002409689
20251105,79.0,80.98,78.72,79.88,-1.7587,46.57570243078135,1.9978723287510292,3.937946838865098,-1.9400745101140688,86.5025,95.4654054998925,77.5395945001075,0.2072288199738158,0.13056064799079764,2.5900000000000034,4.86989357366614
20251106,81.01,84.17,79.91,83.26,4.2313,51.07762588534217,1.7382184133610252,3.4980011537642834,-1.7597827404032582,85.8885,93.92548768196163,77.85151231803836,0.1871493315627036,0.33647480225088294,4.290000000000006,4.828472604118559
20251107,82.02,84.46,81.6,82.94,-0.3843,50.642522386195296,1.4894500361938015,3.0962909302501873,-1.6068408940563859,85.298,92.31454501873985,78.28145498126015,0.16451839477455152,0.33196858327693773,2.8599999999999994,4.687867418110091
20251110,82.62,84.1,80.5,82.16,-0.9404,49.534873190702875,1.2153500251802427,2.7201027492361987,-1.504752724055956,84.79299999999999,91.15596503212166,78.43003496787833,0.15008231887353118,0.2930996016237693,3.5999999999999943,4.6101626025307985
20251111,83.3,84.44,79.59,79.76,-2.9211,46.1874385363889,0.795296170110575,2.335141433411074,-1.5398452633004989,84.5845,91.30987723849027,77.85912276150974,0.15902150484994926,0.14132123530642138,4.849999999999994,4.62729384520717
20251112,78.87,80.76,77.82,79.6,-0.2006,45.96443262249547,0.444367409926528,1.9569866287141648,-1.5126192187876368,84.3255,91.3911761176835,77.25982388231651,0.16758100735088424,0.16560171162011303,2.940000000000012,4.506772856263802
20251113,79.62,81.0,79.0,80.3,0.8794,47.166326306086106,0.22019966437005678,1.6096292358453432,-1.3894295714752865,84.09049999999999,91.36049442915899,76.820505570841,0.1729088167904579,0.2393051647469774,2.0,4.327717652244959
20251114,79.2,81.18,77.81,78.61,-2.1046,44.587776635359155,-0.09275454840916098,1.2691524789944424,-1.3619070274036034,83.87950000000001,91.51914259635247,76.23985740364755,0.18215756165338273,0.15512130092866347,3.3700000000000045,4.259309248513177
20251117,79.0,79.66,76.35,77.0,-2.0481,42.21976869202621,-0.46532261200076164,0.9222574607954016,-1.3875800727961631,83.627,91.80656013487295,75.44743986512704,0.19562007808179077,0.09490486708776279,3.3100000000000023,4.19150144504795
20251118,76.6,80.88,76.5,79.1,2.7273,46.23099736372515,-0.5843964782106923,0.6209266729941829,-1.2053231512048752,83.3385,91.72670666173664,74.95029333826335,0.20130447900398127,0.24735362569605032,4.3799999999999955,4.204965627544525
20251119,78.47,80.43,77.93,78.45,-0.8217,45.18537519378996,-0.7228800317573842,0.3521653320438695,-1.0750453638012538,82.99600000000001,91.59267237947353,74.39932762052649,0.20715871558806487,0.23559536764163536,2.5,4.083182368434202
20251120,79.4,79.92,77.26,77.35,-1.4022,43.39657834811195,-0.910889881040319,0.09955428942703182,-1.0104441704673508,82.692,91.62905231046584,73.75494768953415,0.2161527671471447,0.20113188250312777,2.6599999999999966,3.981526484974616
20251121,75.61,76.97,73.6,73.6,-4.8481,37.8896769989519,-1.3469558326888773,-0.18974773499615,-1.1572080976927273,81.941,91.27478572713146,72.60721427286855,0.22781722769142324,0.0531823718775554,3.75,3.9649888789050007
20251124,74.0,75.35,72.93,73.62,0.0272,37.93491283164516,-1.671657580189148,-0.48612970403474964,-1.1855278761543984,81.08149999999999,90.15236385081393,72.01063614918606,0.22374681896151247,0.08871061661175411,2.4199999999999875,3.8546325304117857
20251125,74.78,77.34,74.6,75.73,2.8661,42.678163135254295,-1.7386842190547327,-0.7366406070387462,-1.0020436120159864,80.4605,89.20538301808566,71.71561698191434,0.21737083458555836,0.22952754255164723,3.719999999999999,3.845015921096658
20251126,75.09,78.16,74.88,77.0,1.677,45.38372043100498,-1.6700733609687433,-0.9233271578247457,-0.7467462031439975,79.6845,86.56730313535138,72.80169686464862,0.1727513665857571,0.30498497870643,3.280000000000001,3.8046576410183257
20251127,77.6,78.8,75.79,75.91,-1.4156,43.48658053868371,-1.6842378070726625,-1.075509287674329,-0.6087285193983334,79.08,84.99025887757912,73.16974112242087,0.14947543949365516,0.23182223776816596,3.009999999999991,3.7478963809455874
20251128,76.23,77.5,75.4,77.11,1.5808,46.15517548022384,-1.5804152186119467,-1.1764904738618527,-0.403924744750094,78.7555,84.34120129885254,73.16979870114746,0.14184917367936312,0.352704261115965,2.0999999999999943,3.630189496592331
20251201,75.0,80.98,74.88,79.41,2.9828,50.93722886373835,-1.2975865214576885,-1.2007096833810198,-0.09687683807666869,78.605,83.94442131695963,73.26557868304037,0.135854495692631,0.5753827008783767,6.1000000000000085,3.8066045325500224
20251202,79.02,80.12,78.11,78.68,-0.9193,49.4365146153116,-1.1194433938130999,-1.184456425467436,0.06501303165433603,78.47349999999999,83.66753224864871,73.27946775135126,0.1323767194950837,0.5198785827767765,2.010000000000005,3.678275637367878
20251203,78.82,85.35,78.82,81.81,3.9781,55.49148418513348,-0.7174287679512332,-1.0910508939641954,0.3736221260129622,78.57000000000001,83.93390902234583,73.20609097765418,0.13653834853877617,0.8020185452905977,6.6699999999999875,3.8919702346987433
20251204,82.5,88.81,81.5,87.5,6.9551,63.94430157904723,0.059618916333150196,-0.8609169319047263,0.9205358482378765,78.78200000000001,85.11773231757806,72.44626768242196,0.1608421293589411,1.1880025514818946,7.310000000000002,4.136115217934548
20251205,86.0,87.02,84.08,85.63,-2.1371,59.91692782647129,0.5185637525521543,-0.5850207950133502,1.1035845475655046,78.9165,85.69812008667567,72.13487991332433,0.17186824267867107,0.9949775948958335,3.4200000000000017,4.084964130939223
20251208,85.0,88.22,84.69,87.82,2.5575,62.86658894751233,1.0469272139482229,-0.25863119322103567,1.3055584071692585,79.1995,86.90796411420608,71.49103588579392,0.1946594136126132,1.059158080798035,3.530000000000001,4.045323835872136
20251209,86.6,88.98,85.01,87.12,-0.7971,61.313466828852064,1.3931159405240834,0.07171823352798813,1.3213977069960952,79.56750000000001,88.01514789749213,71.11985210250789,0.21233915599942482,0.9470179209435404,3.969999999999999,4.039943561881269
20251210,86.1,90.5,86.1,90.0,3.3058,65.13037820246802,1.8782140489179966,0.4330173966059898,1.4451966523120068,80.0875,89.68168339411974,70.49331660588027,0.23959253052273422,1.016589041130658,4.400000000000006,4.06566187888975
20251211,90.6,91.05,88.53,89.18,-0.9111,63.217891954389756,2.1714594153358178,0.7807058003519555,1.3907536149838622,80.53150000000001,90.91347914657909,70.14952085342092,0.2578364775666437,0.9165149957390217,2.519999999999996,3.9552574589690535
20251212,90.04,95.0,88.24,93.5,4.8441,68.47061806398918,2.7210794669128973,1.168780533664144,1.5522989332487533,81.276,93.04317196271062,69.50882803728938,0.28956080424013536,1.0194111226867866,6.760000000000005,4.1555962118998355
20251215,93.03,93.4,87.3,88.8,-5.0267,58.65627152565205,2.745755239893086,1.4841754749099323,1.2615797649831535,81.866,93.896761239423,69.835238760577,0.2939134986300296,0.7881779407806017,6.200000000000003,4.3016250539069905
20251216,89.5,89.9,86.0,87.56,-1.3964,56.36094783502541,2.6348800735397475,1.7143163946358955,0.920563678903852,82.289,94.49464115481047,70.08335884518954,0.2966530436585805,0.7159247487757988,3.9000000000000057,4.272937550056492
20251217,87.38,90.39,86.18,89.98,2.7638,59.677277506707526,2.7110333754163207,1.9136597907919806,0.7973735846243402,82.8655,95.3767341117894,70.35426588821059,0.3019648493471808,0.7843244693701309,4.209999999999994,4.268442010766742
20251218,88.97,90.41,87.85,88.49,-1.6559,56.81443996729106,2.6209422771667192,2.0551162880669285,0.5658259890997908,83.4225,95.89378040740016,70.95121959259984,0.2989908096113197,0.7031667893936963,2.5600000000000023,4.146410438569117
20251219,89.0,89.99,86.8,87.25,-1.4013,54.47245165557253,2.421572416405155,2.1284075137345737,0.2931649026705814,84.105,95.8226473747934,72.3873526252066,0.27864330003670174,0.6341992935700306,3.1899999999999977,4.078095407242752
20251222,87.64,95.23,87.63,94.57,8.3897,63.92599178876234,2.821706315621526,2.267067274111964,0.5546390415095619,85.1525,96.67770867490054,73.62729132509946,0.27069572061655356,0.908560932198534,7.980000000000004,4.356802878153984
20251223,94.37,98.2,94.29,97.09,2.6647,66.5045677948008,3.3040709795019296,2.474468015189957,0.8296029643119724,86.22049999999999,98.01083583067091,74.43016416932906,0.2734926341338992,0.9609495503819542,3.9099999999999966,4.324888386857271
20251224,97.09,99.89,94.91,98.79,1.751,68.15811779886212,3.779951317533559,2.7355646756586776,1.0443866418748815,87.31,99.51077538519591,75.10922461480409,0.27948174058403186,0.9704619025250446,4.980000000000004,4.371682073510324
20251225,99.9,109.66,99.01,106.25,7.5514,74.18146538460392,4.704815385022343,3.1294148175314107,1.5754005674909322,88.827,102.44340495872542,75.21059504127457,0.3065825696854656,1.1397797382206711,10.86999999999999,4.835847639688157
20251226,107.52,108.12,104.09,105.03,-1.1482,71.78976159429784,5.278485917840939,3.5592290375933167,1.7192568802476225,90.223,104.45890685555376,75.98709314444623,0.31557156945687387,1.0200581933501287,4.030000000000001,4.778287093996146
20251229,106.72,108.85,105.0,106.01,0.9331,72.55522183352434,5.745965840501199,3.996576398174893,1.749389442326306,91.553,106.45424571973774,76.65175428026225,0.325521735382516,0.9850936717609688,3.8499999999999943,4.7119808729964205
20251230,106.64,112.0,104.68,105.7,-0.2924,71.89070054645192,6.02201460223786,4.401664038987487,1.6203505632503727,92.90400000000001,107.79127698405598,78.01672301594404,0.32048731990131685,0.9297629450202444,7.319999999999993,4.898267953496676
20251231,110.02,111.0,100.79,101.31,-4.1533,63.07984020245727,5.819465744883516,4.6852243801666935,1.1342413647168224,93.87899999999999,108.27849012986232,79.47950987013766,0.30676701136276124,0.7580299695677856,10.209999999999994,5.2776773853897705
20260105,102.02,106.96,102.0,106.0,4.6294,67.64245837814649,5.968585976359364,4.941896699405228,1.0266892769541363,94.804,109.80960615236862,79.79839384763139,0.31656061247138545,0.8730605710397352,5.6499999999999915,5.304271857861929
20260106,107.9,117.77,105.7,111.33,5.0283,71.89350862597536,6.442585177927512,5.242034395109685,1.2005507828178272,96.089,112.10001483354515,80.07798516645485,0.3332538549375089,0.9759535906514849,12.069999999999993,5.787538153728934
20260107,115.0,129.85,112.8,125.9,13.0872,79.73221028775218,7.902811501914783,5.774189816470705,2.1286216854440783,97.99300000000001,118.14034731918828,77.84565268081174,0.4111997248617405,1.1925725644641432,18.519999999999996,6.696999714176867
20260108,124.99,127.8,122.5,123.65,-1.7871,76.19802849170804,8.777315755729134,6.374815004322391,2.402500751406743,99.81949999999999,122.19321446586379,77.44578553413619,0.4482834409281513,1.0325557371432195,5.299999999999997,6.59721402030709
20260109,120.99,125.5,118.1,123.6,-0.0404,76.11728444012972,9.358453666771965,6.971542736812307,2.386910929959658,101.4995,125.64720007681896,77.35179992318103,0.4758190942185718,0.957610868316519,7.400000000000006,6.654555875999441
20260112,125.1,130.8,123.3,128.66,4.0939,78.58986986966647,10.11075882594487,7.599385954638819,2.511372871306051,103.47349999999999,129.64044959295032,77.30655040704966,0.5057710349596821,0.9812654969684647,7.500000000000014,6.714944741999482
20260113,127.38,128.89,122.0,122.81,-4.5469,69.61623921760932,10.118282710471291,8.103165305805314,2.015117404665977,104.939,131.97609296503606,77.90190703496393,0.5152916068389458,0.8304904122479162,6.889999999999986,6.727448688999519
20260114,123.83,133.5,121.71,129.05,5.081,73.139387622573,10.506647204496588,8.58386168554357,1.9227855189530185,106.95149999999998,134.86168400154327,79.04131599845668,0.5219222545086941,0.8958859604576255,11.790000000000006,7.089059496928125
20260115,127.07,137.69,126.44,137.3,6.3929,76.94563203132772,11.349307167570572,9.13695078194897,2.212356385621602,109.4385,138.81941099676803,80.05758900323198,0.5369392123753162,0.9741428882696123,11.25,7.386269532861831
20260116,137.4,143.33,134.71,138.5,0.874,77.44625571930601,11.975900504251655,9.704740726409508,2.271159777842147,111.86449999999999,142.40764225812407,81.32135774187593,0.5460739065230538,0.9360307753357516,8.620000000000005,7.474393137657414
20260119,139.0,141.99,134.65,138.25,-0.1805,77.07077181175076,12.310400691061602,10.225872719339927,2.084527971721675,114.3525,144.98072938075273,83.72427061924728,0.5356809755930605,0.8901221272526052,7.340000000000003,7.464793627824743
20260120,137.16,140.41,134.01,136.5,-1.2658,74.35324671500081,12.292582880829386,10.63921475163782,1.6533681291915663,116.81500000000001,146.22632536966,87.40367463034002,0.5035539163576593,0.8346499988114537,6.400000000000006,7.388736940122976
20260121,136.7,144.88,135.0,138.6,1.5385,75.4709598111996,12.30605801092291,10.972583403494838,1.333474607428073,119.0165,148.02665151632277,90.00634848367721,0.487497977445527,0.8375283991360954,9.879999999999995,7.566684301542763
20260122,139.9,140.0,131.5,134.76,-2.7706,69.50588194819316,11.870050685373116,11.152076859870494,0.7179738255026216,120.9,148.84308286499552,92.9569171350045,0.46225116401977684,0.7480041315942718,8.5,7.633349708575423
20260123,132.9,140.9,129.8,140.1,3.9626,72.73335525821207,11.819161177487985,11.285493723393992,0.5336674540939921,122.96549999999999,150.1630789179847,95.76792108201529,0.4423611324799998,0.8150004647779442,11.099999999999994,7.880967586534322
20260126,137.12,137.66,129.01,130.17,-7.0878,60.01335395348229,10.852462432820289,11.198887465279252,-0.3464250324589635,124.1615,150.40051695948242,97.92248304051758,0.4226594710837485,0.6144955241516509,11.090000000000003,8.110184187496156
20260127,129.46,133.22,127.6,131.04,0.6684,60.66245965265684,10.0408043002992,10.967270832283242,-0.9264665319840422,125.46200000000002,150.321217686806,100.60278231319406,0.3962828216799663,0.61219178475919,5.6200000000000045,7.932313888389288
20260128,131.59,133.83,128.96,132.69,1.2592,61.92484374468042,9.422088620400345,10.658234389906664,-1.2361457695063187,126.796,150.15483592990043,103.43716407009958,0.36844752089814226,0.6261621087987392,4.8700000000000045,7.713577182075768
20260129,132.3,135.92,125.45,125.62,-5.3282,53.937613695335884,8.265977035061937,10.179782918937718,-1.9138058838757814,127.792,149.07428145664858,106.50971854335144,0.3330768977189271,0.44897163623119285,10.469999999999985,7.910464526213212
20260130,124.44,128.74,121.42,127.53,1.5205,55.60362306900322,7.418357108827422,9.627497756915659,-2.209140648088237,129.103,146.5905694137295,111.6154305862705,0.27090880016311775,0.45502519638992717,7.320000000000007,7.868288488626555
20260202,124.53,125.49,120.0,120.61,-5.4262,48.72723766264001,6.1177049488564705,8.925539195303822,-2.807834246447351,129.83350000000002,144.37162405367377,115.29537594632626,0.2239502756018093,0.18278231888971758,7.530000000000001,7.84412502515323
20260203,126.0,129.8,123.7,129.15,7.0807,55.96481767253103,5.71021160473272,8.282473677189602,-2.5722620724568817,130.72449999999998,142.54816521007794,118.90083478992202,0.18089440326913417,0.4334174313960641,9.190000000000012,7.9402589519280005
20260204,127.51,132.22,127.23,129.64,0.3794,56.34558330655433,5.364965120251355,7.698971965801953,-2.334006845550598,130.9115,142.54074120482534,119.28225879517463,0.1776656933092258,0.44533177283001024,4.989999999999995,7.7295261696474284
20260205,127.0,129.5,124.01,128.25,-1.0722,54.89548327580711,4.922450465797283,7.143667665801019,-2.2212172000037365,131.1415,142.3619496790462,119.9210503209538,0.17111973980846953,0.3711504403696148,5.629999999999981,7.579560014672611
20260206,126.25,129.58,125.02,126.03,-1.731,52.56853456655231,4.342560631500831,6.583446258940982,-2.240885627440151,131.263,142.20329633967967,120.32270366032034,0.16669276703533611,0.2608382882180123,4.5600000000000165,7.363877156481712
20260209,129.0,131.33,126.81,130.94,3.8959,56.91821260753265,4.230424030482226,6.112841813249231,-1.8824177827670052,131.377,142.25375705346076,120.50024294653926,0.16558084068688964,0.4799112916721364,5.300000000000011,7.216457359590161
20260210,128.5,130.71,126.12,128.2,-2.0926,53.94519753404455,3.8757822601060212,5.665429902620589,-1.7896476425145682,131.6465,141.9106751251627,121.38232487483732,0.15593540466571745,0.3321102300977452,4.819999999999993,7.0452818339051495
20260211,128.0,130.5,126.78,128.9,0.546,54.59766106870988,3.6096010182431257,5.254264125745097,-1.6446631075019713,131.639,141.91096943141912,121.36703056858092,0.15606270833748512,0.36667600510851545,3.719999999999999,6.807761702911924
20260212,130.06,132.5,128.0,129.2,0.2327,54.892603313823535,3.3838510308207077,4.88018150676022,-1.4963304759395122,131.23399999999998,141.21586435491926,121.2521356450807,0.15212314422968565,0.39811522538885274,4.5,6.642921581275359
20260213,127.98,133.99,127.51,130.59,1.0759,56.30882332108326,3.2793021685288295,4.5600056391139425,-1.280703470585113,130.8385,140.24785337842127,121.42914662157874,0.14383156912409215,0.4867950543461418,6.480000000000004,6.631284325469976
20260224,132.28,134.82,127.23,132.05,1.118,57.8072767780743,3.2764869383169213,4.303301898954539,-1.0268149606376173,130.5285,139.32958010416945,121.72741989583055,0.13485300304790832,0.5864382542819494,7.589999999999989,6.699764016507834
20260225,134.98,142.5,128.02,139.98,6.0053,64.8572879576461,3.8695349837256146,4.216548515908754,-0.3470135321831398,130.70250000000001,140.08718513057352,121.3178148694265,0.14360375862089106,0.9942893592548813,14.47999999999999,7.255495158185846
20260226,139.84,151.1,133.88,148.2,5.8723,70.38180320962013,4.945802996695676,4.362399412066139,0.5834035846295365,131.1825,142.84050647623803,119.52449352376196,0.17773722068474127,1.2298632075169094,17.22,7.967245504029714
20260227,143.9,146.44,140.7,144.5,-2.4966,65.39824445120462,5.437513798917848,4.577422289436481,0.860091509481367,131.6695,144.62603885109786,118.71296114890212,0.1968039500582575,0.995136091029157,7.5,7.933870825170449
20260302,140.6,147.12,140.12,140.2,-2.9758,60.07445976580407,5.417771392693993,4.745492110087984,0.6722792826060093,131.6745,144.64411907690462,118.70488092309536,0.19699515208950297,0.8286719505579622,7.0,7.867165766229703
20260303,141.3,141.5,128.58,128.9,-8.0599,48.825849461869105,4.439138209553448,4.684221329981077,-0.24508312042762892,131.611,144.62183225623974,118.60016774376025,0.19771648655871843,0.3958175792828377,12.919999999999987,8.228082497213295
20260304,126.59,131.88,126.59,129.1,0.1552,49.007839930097305,3.637768755986883,4.474930815182239,-0.8371620591953555,131.51399999999998,144.56926468517617,118.4587353148238,0.19853802158213096,0.40754687636701065,5.289999999999992,8.01821946169806
20260305,133.0,134.85,129.21,130.85,1.3555,50.661243739596905,3.108060280902123,4.2015567083262155,-1.0934964274240926,131.422,144.46874917364508,118.37525082635493,0.19854741479577354,0.47807883050455696,5.75,7.856203785862484
20260306,131.58,132.18,128.11,128.95,-1.452,48.810735135521455,2.506060076423722,3.862457381945717,-1.3563973055219947,131.5885,144.4180086032166,118.75899139678341,0.19499437417732696,0.397170652376409,4.069999999999993,7.585760658300878
20260309,122.52,127.5,120.3,126.9,-1.5898,46.82343494228619,1.8423156418446354,3.458429033925501,-1.6161133920808655,131.557,144.42923539250305,118.68476460749693,0.1956906191613226,0.3191067884482491,8.649999999999991,7.661777754136529
20260310,130.0,133.76,129.35,132.65,4.5311,52.64706400436159,1.759982359575048,3.1187396990554106,-1.3587573394803627,132.15900000000002,144.01296119447036,120.30503880552968,0.17938938996920895,0.5207103765545068,6.859999999999985,7.604507914555348
20260311,132.14,134.28,127.8,128.97,-2.7742,48.9521063538537,1.3818581941550008,2.7713633980753287,-1.389505203920328,132.15,144.0133553432412,120.28664465675882,0.17954378120682832,0.3659738367437622,6.480000000000004,7.524185920658538
20260312,129.01,129.5,123.25,124.59,-3.3961,44.91186445410734,0.7204576862714305,2.3611822557145494,-1.640724569443119,131.8975,144.17165475704982,119.6233452429502,0.18611656410545785,0.2023216610576443,6.25,7.4331726406115
20260313,123.59,128.1,122.51,124.2,-0.313,44.559210585335606,0.16294495005186604,1.921534794582013,-1.7585898445301469,131.695,144.3314670695574,119.0585329304426,0.19190503921268687,0.20343767926811412,5.589999999999989,7.301517451996392
20260316,123.98,124.44,118.72,123.58,-0.4992,43.96814257765351,-0.32516838972190953,1.4721941577212285,-1.797362547443138,131.5725,144.4710454606327,118.67395453936729,0.19606749830903425,0.1901782443457023,5.719999999999999,7.188551919710935
20260317,124.46,126.9,121.21,121.6,-1.6022,42.04981724582225,-0.8618364662999483,1.0053880329169933,-1.8672244992169416,131.10549999999998,144.71837107850536,117.4926289214946,0.20766285287048034,0.15086351199604406,5.690000000000012,7.081512496874441
20260318,124.0,128.85,123.0,128.65,5.7977,50.35531248987038,-0.7100882474787795,0.6622927768378388,-1.3723810243166183,131.128,144.72306322162598,117.53293677837398,0.20735561011570375,0.40886397659195295,7.25,7.093547318526267
20260319,126.0,126.85,123.7,124.35,-3.3424,46.02272742379944,-0.9261249621063001,0.34460922904901103,-1.2707341911553112,130.9005,144.7862545347744,117.01474546522559,0.21215739488809296,0.2641287701148888,4.950000000000003,6.940436795774391
20260320,125.92,128.5,123.55,123.62,-0.5871,45.30998144584058,-1.1430639839699523,0.04707458644521835,-1.1901385704151708,130.62150000000003,144.8526493211198,116.39035067888025,0.21789903379029898,0.2540079215664814,4.950000000000003,6.798262738933364
20260323,121.09,123.35,114.99,117.0,-5.3551,39.35736083276522,-1.828095251994526,-0.3279593812427305,-1.5001358707517953,129.942,145.3623626416504,114.52163735834961,0.23734223948608454,0.08036006348373205,8.63000000000001,6.929101114723839
20260324,119.0,121.5,116.55,120.92,3.3504,44.04511758425313,-2.0312611143842076,-0.668619727871026,-1.3626413865131817,129.3855,145.25809836951743,113.51290163048259,0.2453535886095029,0.2333297358466021,4.950000000000003,6.787736749386422
20260325,123.88,127.06,122.01,124.14,2.6629,47.62651824170484,-1.9104222759216043,-0.9169802374811417,-0.9934420384404626,128.5935,143.84094867182725,113.34605132817276,0.2371418255483713,0.35395917389678605,6.140000000000001,6.741469838715964
20260326,123.6,124.89,120.44,120.89,-2.618,44.52862545513383,-2.0532360375144805,-1.1442313974878096,-0.9090046400266709,127.228,139.87759066531424,114.57840933468574,0.19884916316084902,0.24947805950041227,4.450000000000003,6.577793421664824
20260327,118.91,124.48,117.99,123.09,1.8198,47.03987877431033,-1.9662298844887829,-1.3086310948880042,-0.6575987896007787,126.1575,136.11684109266295,116.19815890733706,0.15788741997365113,0.3459988481436873,6.490000000000009,6.57152246297448
20260330,121.24,126.88,119.8,125.49,1.9498,49.714355724467254,-1.684202500955962,-1.3837453761015959,-0.30045712485436615,125.422,133.01643111760217,117.82756888239783,0.12110205733606816,0.5044769646960382,7.079999999999998,6.607842287047731
20260331,125.11,125.6,120.9,121.05,-3.5381,45.169771142840474,-1.798235718974908,-1.4666434446762584,-0.3315922742986497,125.02950000000001,132.67559305462626,117.38340694537376,0.12230862403874683,0.2397690577678603,4.699999999999989,6.471567837972892
20260401,124.0,127.89,123.0,124.48,2.8335,49.04498058700659,-1.5934670354401703,-1.492008162829041,-0.1014588726111294,124.79850000000002,132.2144214531981,117.38257854680192,0.1188463235246912,0.47852593221152206,6.840000000000003,6.497884420974829
20260402,124.0,124.36,114.55,115.8,-6.973,41.1239722988622,-2.107298214603105,-1.6150661731838538,-0.49223204141925136,124.04599999999998,131.8946518587591,116.19734814124085,0.12654421519047968,-0.025313146027582615,9.930000000000007,6.743035533762342
20260403,117.12,117.5,114.7,115.0,-0.6908,40.47514478673822,-2.549675369621312,-1.8019880124713454,-0.7476873571499665,123.34849999999999,131.7871901234731,114.90980987652688,0.13682679762580185,0.005343846151089724,2.799999999999997,6.461390138493603
20260407,116.5,122.0,115.5,118.98,3.4609,45.11461787246997,-2.54971815067978,-1.9515340401130323,-0.5981841105667478,122.95249999999999,131.43061034370288,114.47438965629709,0.13790871017186143,0.26572019949288866,7.0,6.499862271458346
20260408,125.0,131.07,123.35,130.51,9.6907,55.8502869438344,-1.600922971729247,-1.8814118264362754,0.28048885470702833,122.84549999999999,130.87341498460228,114.8175850153977,0.13069937416677518,0.9773655435253534,12.08999999999999,6.899157823497035
20260409,128.8,136.16,128.01,134.2,2.8274,58.63864730024331,-0.5449618147539894,-1.6141218240998183,1.0691600093458289,123.107,132.1875794969265,114.0264205030735,0.1475233658025377,1.1108090350265987,8.150000000000006,6.988503693247247
20260410,136.07,140.9,135.1,138.05,2.8689,61.37933651896538,0.5956910782010283,-1.172159243639649,1.7678503218406774,123.78,134.95425612736716,112.60574387263283,0.1805502686599962,1.1385212508710527,6.700000000000017,6.967896286586731
20260413,136.96,139.0,135.01,135.29,-1.9993,58.392213999721356,1.262405554696258,-0.6852462839724677,1.9476518386687256,124.3345,136.58582070431606,112.08317929568395,0.19707033372581315,0.9471150606701707,3.990000000000009,6.7551894089733935
20260414,137.18,142.3,136.0,139.82,3.3484,61.68786352579198,2.131741334802811,-0.1218487602174119,2.2535900950202232,125.14650000000002,139.1216125576864,111.17138744231363,0.2233400463886147,1.0249868270982,7.010000000000019,6.773390165475296
20260415,141.0,148.0,139.3,141.21,0.9941,62.66506276629531,2.899434708563774,0.4824079335388254,2.417026775024949,126.127,141.63667195010922,110.61732804989077,0.2459373797856006,0.9862449717994776,8.699999999999989,6.911005153655631
20260416,141.22,154.51,141.22,154.09,9.1212,70.23981069834966,4.495326272523897,1.2849916013358398,3.2103346711880576,127.399,147.12691818717843,107.67108181282157,0.30970287344764763,1.176477866208585,13.299999999999983,7.367361928394513
20260417,153.7,153.7,148.75,150.7,-2.2,66.42018040473152,5.424012526082123,2.112795786285097,3.3112167397970262,128.71650000000002,150.82929202181415,106.6037079781859,0.343589081769845,0.9970765333096197,5.340000000000003,7.22255036208062
20260420,150.99,155.55,150.5,151.8,0.7299,67.04638850948893,6.177552895381808,2.9257472081044393,3.251805687277369,130.1255,154.25865518120264,105.99234481879733,0.3709212288322067,0.9490606354050696,5.050000000000011,7.0673681933605765
20260421,151.44,151.44,146.41,148.3,-2.3057,63.01945018587491,6.418331784201968,3.6242641233239454,2.794067660878022,131.6905,156.27136692938248,107.1096330706175,0.3733126828341071,0.8378542353228808,5.390000000000015,6.947556179549108
20260422,148.0,152.91,147.26,152.3,2.6972,65.56497110711264,6.852921149696982,4.269995528598553,2.582925621098429,133.25949999999997,158.8743694902006,107.64463050979936,0.38443592374578356,0.8716688856697921,5.650000000000006,6.854873595295601
20260423,153.52,159.67,151.93,155.61,2.1733,67.55519165544345,7.379361009846093,4.891868624848062,2.4874923849980313,134.833,161.84214371097337,107.82385628902662,0.4006310578415281,0.884629002354463,7.739999999999981,6.918096909917343
20260424,157.5,161.3,154.66,158.0,1.5359,68.95062226589388,7.898373880221072,5.4931696759226645,2.405204204298408,136.6885,164.69176500606696,108.68523499393305,0.4097384199265769,0.8805181287857473,6.640000000000015,6.898232844923248
20260427,160.83,179.0,158.58,175.02,10.7722,76.65187505844204,9.572718734443953,6.3090794876269225,3.2636392468170303,139.285,171.12981967290781,107.44018032709218,0.45726129407915883,1.0610802693664143,21.0,7.90550192742873
20260428,176.46,188.0,173.99,179.31,2.4511,78.12468025536354,11.11765879134856,7.270795348371251,3.84686344297731,141.976,177.57749345182052,106.37450654817948,0.5015142482084368,1.024331936390872,14.009999999999991,8.341537504040964
20260429,178.84,180.58,171.93,174.3,-2.794,72.3823141169052,11.801726826913722,8.176981644079746,3.6247451828339763,144.6385,181.5234482987305,107.75355170126949,0.5100294637835778,0.9020813552424161,8.650000000000006,8.363570539466611
20260430,176.29,177.29,167.32,174.2,-0.0574,72.26813244011814,12.195207745639578,8.980626864391713,3.2145808812478656,147.12449999999998,184.9303468890729,109.31865311092707,0.5139299965549302,0.8580861457679141,9.969999999999999,8.478315500933283
20260506,177.7,183.5,175.36,176.2,1.1481,73.17940245707692,12.524057949819195,9.68931308147721,2.8347448683419856,150.14450000000002,187.0989657517874,113.19003424821264,0.49225200725684093,0.852535200684639,9.300000000000011,8.53700725086662
20260507,177.78,187.59,173.45,185.8,5.4484,77.0736902259681,13.40479177987649,10.432408821157066,2.9723829587194235,153.6845,190.0540188172738,117.31498118272623,0.4733010657193638,0.941516701957941,14.140000000000015,8.937221018661864
20260508,180.01,187.5,179.47,182.01,-2.0398,72.59239674349251,13.639728065193452,11.073872669964345,2.565855395229107,156.836,191.51452961127438,122.15747038872563,0.4422266521879463,0.8629623326332676,8.030000000000001,8.872419517328874
20260511,186.0,218.41,183.98,218.41,19.9989,82.88493727734856,16.572060162633306,12.173510168498138,4.398549994135168,161.231,203.0041511380221,119.45784886197787,0.5181776598547689,1.1843989313982517,36.400000000000006,10.838675266091098
20260512,219.99,220.0,209.0,213.08,-2.4404,78.2509820594837,18.255430778432242,13.38989429048496,4.865536487947281,165.175,210.71953183423938,119.63046816576065,0.5514700388586573,1.0259138481689924,11.0,10.850198461370306
20260513,210.12,228.0,202.81,228.0,7.0021,81.38786746253578,20.55647122353477,14.823209677094923,5.733261546439849,169.67249999999999,221.01095882961474,118.33404117038523,0.6051476677671956,1.0680682798989052,25.189999999999998,11.874469999843855
20260514,225.0,226.24,208.3,208.87,-8.3904,67.87105126812014,20.598979022705862,15.97836354621711,4.6206154764887515,173.35150000000002,224.85251679578815,121.85048320421188,0.594180226831474,0.8448329975778728,19.69999999999999,12.433436428426436
20260515,213.04,219.31,194.98,209.5,0.3016,68.05918686250928,20.447793064532704,16.87224944988023,3.5755436146524744,176.8355,228.21907927392812,125.45192072607188,0.5811455196940447,0.8178495976882432,24.330000000000013,13.28319096925312
20260518,211.0,214.0,203.31,209.17,-0.1575,67.83511511847924,20.069994458390966,17.51179845158238,2.5581960068085863,180.2335,230.72464111406137,129.74235888593861,0.5602858637718446,0.7865502676462724,10.689999999999998,13.097963042877897
20260519,208.49,227.68,203.15,224.05,7.1138,72.26860507344456,20.73228906089085,18.155896573444075,2.5763924874467747,183.7315,236.149931214603,131.31306878539704,0.5705981958956735,0.8845832378589754,24.53,13.914537111243762
20260520,229.82,249.77,228.07,241.56,7.8152,76.39229009699957,22.411724557882053,19.007062170331672,3.404662387550381,188.2745,244.09338228010364,132.45561771989634,0.5929521234166459,0.9773071210259019,25.72,14.757784460440636
20260521,244.0,258.02,234.0,234.77,-2.8109,71.92579605929723,22.930464909565956,19.79174271817853,3.1387221913874264,192.423,249.10805873684944,135.73794126315056,0.5891713437255364,0.8735287652835345,24.019999999999982,15.419371284694876
20260522,237.71,241.77,229.5,236.02,0.5324,72.24749112630678,23.175284673311836,20.46845110920519,2.7068335641066454,196.809,252.72876176630294,140.88923823369706,0.5682642741572077,0.8506005637494367,12.27000000000001,15.194416192930957
20260525,236.0,258.68,226.03,248.0,5.0758,75.1826030487582,24.058658736949667,21.18649263475409,2.872166102195578,201.594,257.8374737191799,145.35052628082008,0.5579875762094102,0.9125456424660238,32.650000000000006,16.441243607721603
20260526,243.54,247.93,229.0,235.1,-5.2016,66.96933530852017,23.447528345361633,21.638699776875598,1.8088285684860352,205.5685,259.43654703161315,151.70045296838686,0.5240885352727985,0.7741096218196759,19.0,16.624011921455775
20260527,234.0,236.0,219.16,220.2,-6.3377,58.95771259143749,21.512910194170303,21.61354186033454,-0.10063166616423658,208.67849999999999,258.2097205684464,159.14727943155356,0.4747132126064394,0.616305431884912,16.840000000000003,16.639439641351792
20260528,221.4,223.0,214.02,219.03,-0.5313,58.36724243402378,19.658689019371735,21.22257129214198,-1.5638822727702433,210.879,258.08943100841265,163.66856899158734,0.44774900306253973,0.5863262612297221,8.97999999999999,16.092336809826666
20260529,222.5,223.6,207.68,210.79,-3.762,54.24667977457716,17.32459905029171,20.442976843771927,-3.1183777934802173,212.45300000000003,257.392916822354,167.51308317764605,0.4230574933971651,0.48149751804644175,15.919999999999987,16.08002703769619
20260601,209.0,218.6,203.23,203.64,-3.392,50.889467755254714,14.728094384484933,19.30000035191453,-4.571905967429597,213.92,255.5780277977738,172.26197220222616,0.38947295996422804,0.37661441811523594,15.370000000000005,16.029310820717892
20260602,205.0,212.3,199.73,207.62,1.9544,52.64626468338956,12.843447203189186,18.00868972216946,-5.165242518980275,215.59099999999998,253.22907428655319,177.95292571344677,0.3491618322337501,0.3941098853874182,12.570000000000022,15.782217190666616
20260603,208.21,222.59,206.0,214.25,3.1933,55.50190485324907,11.74939659444533,16.756831096624634,-5.007434502179304,217.49350000000004,250.5415875543518,184.4454124456483,0.303899542325189,0.4509275688848001,16.590000000000003,15.839915962761859
20260604,214.0,227.86,211.0,223.35,4.2961,59.14374087116142,11.484264105037,15.702317698307107,-4.218053593270108,219.371,249.1038134558454,189.63818654415462,0.2710733274302017,0.566912604922319,16.860000000000014,15.91277910827887
20260605,218.36,218.51,205.6,206.73,-7.4412,50.943248772719166,9.819852449745127,14.525824648594712,-4.705972198849585,220.60700000000003,245.72112996701463,195.49287003298542,0.2276820768789259,0.22372126730596753,17.75,16.044009171973237
20260608,190.0,206.0,190.0,200.4,-3.062,48.201969504266806,7.898961808707384,13.200452080617247,-5.301490271909863,219.7065,246.31806010083025,193.09493989916976,0.24224645243386286,0.13725351075156128,16.72999999999999,16.093008516832292
20260609,207.22,213.99,203.2,212.73,6.1527,53.4558022513909,7.2875635935500895,12.017874383203816,-4.730310789653727,219.689,246.31842199898637,193.05957800101362,0.24242836008162788,0.3693362552092777,13.590000000000003,15.914222194201415
20260610,212.5,232.85,210.79,226.74,6.5858,58.5947915531577,7.843105577759616,11.182920622114978,-3.339815044355362,219.62600000000003,246.18233664495352,193.06966335504654,0.24183235723414792,0.6339416670136212,22.060000000000002,16.353206323187027
20260611,229.0,234.27,225.01,232.84,2.6903,60.63287627225846,8.6755888351573,10.681454264723442,-2.0058654295661427,220.82450000000003,247.4942780080769,194.15472199192317,0.24154727403958218,0.7252643422146431,9.26000000000002,15.846548728673671
20260612,247.1,253.38,223.12,223.12,-4.1745,55.91028784153507,8.453567582860245,10.235876928350804,-1.7823093454905585,221.50550000000004,247.67469981581598,195.3363001841841,0.23628487613911112,0.5308473321951596,30.25999999999999,16.876080962339838
20260615,230.0,232.5,220.18,231.45,3.7334,58.867105986488504,8.847783780258709,9.958258298732385,-1.1104745184736764,222.61950000000002,248.48856915604236,196.75043084395767,0.23240613833058058,0.6706768022214938,12.319999999999993,16.550646607886993
20260616,231.5,243.49,229.5,240.4,3.8669,61.82908918939315,9.769773293545171,9.920561297694944,-0.15078800414977245,223.43699999999998,250.44358223470903,196.43041776529094,0.24173778053508635,0.8140530677406314,13.990000000000009,16.367743278752208
20260617,236.0,265.0,236.0,264.01,9.8211,68.31169940295146,12.264212105452856,10.389291459246527,1.8749206462063288,224.55949999999999,255.9897481536513,193.12925184634867,0.2799280204458179,1.1275881088679371,29.0,17.270047330269907
20260618,263.0,271.21,261.56,264.1,0.0341,68.33377664720818,14.085960894207261,11.128625346238675,2.9573355479685866,226.026,261.6784525944584,190.37354740554161,0.3154721367847805,1.0339604603515833,9.649999999999977,16.725758235250627
20260622,267.0,268.95,254.72,268.49,1.6622,69.45176860432376,15.702932613097943,12.043486799610529,3.659445813487414,227.6495,267.66470484765887,187.63429515234108,0.351551001409262,1.010312269492098,14.22999999999999,16.54748978987558
20260623,269.98,294.97,268.78,279.4,4.0635,72.08908034886598,17.661153388717736,13.16702011743197,4.494133271285765,229.21949999999998,274.4317914592935,184.00720854070647,0.39448905053272965,1.0549431181250741,26.480000000000018,17.25695480488447
20260624,275.26,314.63,272.68,307.35,10.0036,77.45822647988614,21.223734869460117,14.778363067837601,6.445371801622516,232.83200000000002,289.45275259125503,176.21124740874504,0.48636572800349603,1.15804494456251,41.94999999999999,19.02074374739272
20260625,310.01,316.5,298.9,309.99,0.859,77.89084979991667,23.9836635524411,16.619423164758302,7.364240387682798,237.32150000000001,302.7741171440082,171.86888285599184,0.5515945006584584,1.0551229513108353,17.600000000000023,18.919262051150387
20260626,311.0,332.0,310.95,314.9,1.5839,78.70926692377654,26.26436364819608,18.54841126144586,7.715952386750221,242.11499999999995,315.1143387641293,169.11566123587062,0.6030137642370721,0.998531912975117,22.00999999999999,19.14002904749679
20260629,318.0,338.0,311.03,337.9,7.3039,82.059455832936,29.586685789905033,20.756066167137696,8.830619622767337,248.4705,330.96920337769023,165.97179662230974,0.6640522989867228,1.042005488198885,26.970000000000027,19.699312686961306
20260630,331.0,345.43,324.0,341.42,1.0417,82.51297344954338,32.13327224520515,23.031507382751187,9.101764862453962,255.35950000000003,344.47835288198075,166.2406471180193,0.6979873698216101,0.9828411565955024,21.430000000000007,19.822933209321214
20260701,349.91,363.58,325.0,333.67,-2.2699,77.84698084487682,33.14403630852911,25.054013167906774,8.090023140622336,261.662,354.1497225581868,169.1742774418132,0.706925136689216,0.8892841017611696,38.579999999999984,21.1627236943697
20260702,316.99,329.99,297.99,301.46,-9.6533,62.12342101416142,30.98877697001052,26.240965928327526,4.7478110416829935,266.0225,357.3741261212691,174.67087387873087,0.6867962380721114,0.6939620645228404,35.68000000000001,22.19967200191472
20260703,300.0,313.21,286.0,302.71,0.4146,62.44047496324559,29.04675011538751,26.802122765739526,2.2446273496479847,269.9905,360.4733468771852,179.50765312281482,0.6702668936661489,0.6808049875155401,27.20999999999998,22.557552573206525
20260706,307.46,313.5,289.99,304.0,0.4262,62.78667355243602,27.29710799150473,26.901119810892567,0.39598818061216434,274.854,361.5920083700343,188.11599162996566,0.6311569660258488,0.6680116972230895,23.50999999999999,22.6255845322632
20260707,298.0,311.88,295.66,304.33,0.1086,62.8809300290164,25.641552390268828,26.64920632676782,-1.0076539364989934,280.0505,360.55239400877565,199.54860599122432,0.5749098395380523,0.6508007997759235,16.21999999999997,22.168042779958686
20260708,305.02,332.18,287.59,317.22,4.2355,66.45500829244503,25.080515353514045,26.335468132117068,-1.2549527786030232,285.275,361.0462197341455,209.50378026585446,0.5312152816345318,0.7107990349903551,44.59000000000003,23.769611152818783
20260709,325.0,375.18,310.49,374.0,17.8992,76.97297777303673,28.884597272255803,26.845293960144815,2.039303312110988,292.638,372.72282093380846,212.5531790661915,0.5473302915807824,1.0079739147275308,64.69,26.692496070474583
20260710,379.6,395.0,349.18,352.31,-5.7995,68.17867127141886,29.805577724007833,27.43735071291742,2.3682270110904113,298.6115,377.781172798365,219.44182720163494,0.5302520016701636,0.8391355433333874,45.81999999999999,28.05874635115497
20260713,352.13,358.88,320.15,325.24,-7.6836,59.102864754591785,28.02804870217244,27.555490310768427,0.47255839140401434,303.7175,375.5894293952805,231.84557060471946,0.47328145000061256,0.6497281357345426,38.73000000000002,28.820978754643903
20260714,332.0,341.5,312.01,335.62,3.1915,61.233862585778475,27.144023984755336,27.47319704556581,-0.3291730608104757,308.926,373.8574710752821,243.9945289247179,0.4203690921145005,0.7055551765418248,29.49000000000001,28.868765986455053
20260715,344.0,344.02,303.0,304.44,-9.2903,52.401145125999825,23.65478497270766,26.70951463099418,-3.054729658286522,312.12800000000004,369.0485325344045,255.20746746559558,0.36472557754770124,0.43246725164286554,41.01999999999998,29.736711273136834
20260716,303.05,309.97,288.0,293.13,-3.715,49.6059774086127,19.749258282667938,25.317463361328933,-5.568205078660995,313.584,366.8811265266731,260.2868734733269,0.3399224866490196,0.30811348253677806,21.970000000000027,29.18194618219849
20260717,291.89,297.0,273.57,278.76,-4.9023,46.23166365200349,15.317985140526616,23.317567717168473,-7.999582576641856,314.31699999999995,365.22125801443525,263.41274198556465,0.32390394419923396,0.15074630898345678,23.430000000000007,28.77109288347003
